id,name,email,gender,created_date,updated_date
1,Jammie McCamish,jmccamish0@devhub.com,Female,2023-01-01 03:17:34,2023-01-01 03:17:34
2,Brocky Spurret,bspurret1@npr.org,Male,2023-01-01 05:35:52,2023-01-01 05:35:52
3,Charmain Crier,ccrier2@netscape.com,Female,2023-01-01 07:37:59,2023-01-01 07:37:59
4,Hulda Davsley,hdavsley3@surveymonkey.com,Female,2023-01-01 23:02:31,2023-01-01 23:02:31
5,Lezlie Manass,lmanass4@meetup.com,Female,2023-01-01 18:25:12,2023-01-01 18:25:12
6,Ashien Reside,areside5@wikimedia.org,Female,2023-01-01 11:02:13,2023-01-01 11:02:13
7,Othelia Braganza,obraganza6@cbslocal.com,Female,2023-01-01 03:15:37,2023-01-01 03:15:37
8,Darwin Sampson,dsampson7@fc2.com,Male,2023-01-01 00:33:40,2023-01-01 00:33:40
9,Cass Somerled,csomerled8@scribd.com,Female,2023-01-01 11:03:24,2023-01-01 11:03:24
10,Vidovik Caudle,vcaudle9@boston.com,Male,2023-01-01 15:50:31,2023-01-01 15:50:31
